cells,biology
cell,biology
figure,biology
see,biology
proteins,biology
protein,biology
b,biology
membrane,biology
dna,biology
one,biology
also,biology
two,biology
molecules,biology
complex,biology
cycle,biology
gene,biology
microtubules,biology
called,biology
g,biology
cancer,biology
many,biology
stem,biology
genes,biology
receptors,biology
neurons,biology
receptor,biology
form,biology
e,biology
phase,biology
binding,biology
different,biology
class,biology
structure,biology
spindle,biology
mitotic,biology
signaling,biology
types,biology
type,biology
growth,biology
microtubule,biology
pathway,biology
activity,biology
mhc,biology
j,biology
mutations,biology
c,biology
system,biology
function,biology
activation,biology
mitosis,biology
proteins,biology
membrane,biology
protein,biology
figure,biology
cells,biology
see,biology
cell,biology
complex,biology
two,biology
one,biology
transport,biology
receptor,biology
binding,biology
atp,biology
b,biology
er,biology
g,biology
receptors,biology
c,biology
molecules,biology
kinase,biology
e,biology
signaling,biology
signal,biology
different,biology
transcription,biology
bound,biology
pathway,biology
also,biology
cytosolic,biology
rna,biology
step,biology
domain,biology
sequence,biology
many,biology
gene,biology
plasma,biology
ca,biology
vesicles,biology
actin,biology
glucose,biology
thus,biology
cytosol,biology
chapter,biology
form,biology
bind,biology
subunit,biology
specific,biology
mitochondrial,biology
genes,biology
dna,biology
proteins,biology
cells,biology
protein,biology
figure,biology
cell,biology
gene,biology
one,biology
see,biology
genes,biology
rna,biology
transcription,biology
two,biology
e,biology
b,biology
structure,biology
molecules,biology
sequence,biology
membrane,biology
many,biology
different,biology
specific,biology
function,biology
sequences,biology
amino,biology
called,biology
complex,biology
used,biology
form,biology
chapter,biology
c,biology
also,biology
binding,biology
site,biology
acid,biology
human,biology
acids,biology
polymerase,biology
mrna,biology
eukaryotic,biology
chromosomes,biology
cellular,biology
bonds,biology
small,biology
bind,biology
h,biology
light,biology
region,biology
step,biology
genetic,biology
cells,biology
cell,biology
figure,biology
species,biology
one,biology
water,biology
two,biology
dna,biology
see,biology
plants,biology
many,biology
plant,biology
also,biology
genes,biology
called,biology
chapter,biology
energy,biology
gene,biology
blood,biology
body,biology
may,biology
molecules,biology
animal,biology
example,biology
concept,biology
protein,biology
animals,biology
form,biology
membrane,biology
proteins,biology
life,biology
different,biology
system,biology
human,biology
genetic,biology
population,biology
function,biology
new,biology
organisms,biology
b,biology
structure,biology
cycle,biology
development,biology
growth,biology
chemical,biology
light,biology
food,biology
three,biology
university,biology
small,biology
x,chemistry
b,chemistry
aq,chemistry
g,chemistry
page,chemistry
c,chemistry
h,chemistry
energy,chemistry
reaction,chemistry
ion,chemistry
acid,chemistry
electron,chemistry
metal,chemistry
atoms,chemistry
co,chemistry
complex,chemistry
bond,chemistry
ch,chemistry
see,chemistry
mass,chemistry
solution,chemistry
two,chemistry
k,chemistry
one,chemistry
number,chemistry
electrons,chemistry
molecular,chemistry
compounds,chemistry
oh,chemistry
chemical,chemistry
orbitals,chemistry
gas,chemistry
water,chemistry
law,chemistry
cl,chemistry
ligands,chemistry
atomic,chemistry
atom,chemistry
pressure,chemistry
n,chemistry
ag,chemistry
geometry,chemistry
metals,chemistry
coordination,chemistry
e,chemistry
constant,chemistry
change,chemistry
ii,chemistry
ions,chemistry
structure,chemistry
ch,chemistry
h,chemistry
g,chemistry
aq,chemistry
reaction,chemistry
cell,chemistry
acid,chemistry
carbon,chemistry
form,chemistry
two,chemistry
b,chemistry
atoms,chemistry
structure,chemistry
one,chemistry
energy,chemistry
example,chemistry
figure,chemistry
metal,chemistry
c,chemistry
compounds,chemistry
oxidation,chemistry
water,chemistry
number,chemistry
oxygen,chemistry
potential,chemistry
mass,chemistry
cu,chemistry
k,chemistry
also,chemistry
used,chemistry
hydrogen,chemistry
metals,chemistry
solution,chemistry
reactions,chemistry
nuclear,chemistry
acids,chemistry
chapter,chemistry
electrode,chemistry
different,chemistry
oh,chemistry
ag,chemistry
electrons,chemistry
standard,chemistry
decay,chemistry
section,chemistry
amino,chemistry
calculate,chemistry
gas,chemistry
reduction,chemistry
bond,chemistry
solution,chemistry
reaction,chemistry
x,chemistry
g,chemistry
acid,chemistry
water,chemistry
equilibrium,chemistry
k,chemistry
ph,chemistry
rate,chemistry
b,chemistry
energy,chemistry
base,chemistry
concentration,chemistry
aq,chemistry
h,chemistry
pressure,chemistry
temperature,chemistry
bond,chemistry
constant,chemistry
example,chemistry
two,chemistry
figure,chemistry
oh,chemistry
one,chemistry
point,chemistry
orbitals,chemistry
c,chemistry
mol,chemistry
calculate,chemistry
molecular,chemistry
initial,chemistry
weak,chemistry
molecules,chemistry
change,chemistry
equation,chemistry
liquid,chemistry
molecule,chemistry
chemical,chemistry
chapter,chemistry
concentrations,chemistry
atoms,chemistry
volume,chemistry
gas,chemistry
vapor,chemistry
mass,chemistry
heat,chemistry
form,chemistry
orbital,chemistry
buffer,chemistry
x,math
f,math
b,math
n,math
c,math
r,math
l,math
figure,math
dx,math
z,math
find,math
sin,math
function,math
e,math
cos,math
equation,math
lim,math
use,math
v,math
p,math
h,math
example,math
graph,math
k,math
u,math
curve,math
ln,math
point,math
solution,math
line,math
given,math
see,math
series,math
value,math
j,math
integral,math
dt,math
theorem,math
show,math
functions,math
vector,math
area,math
values,math
dy,math
let,math
points,math
two,math
equations,math
number,math
tangent,math
force,physics
fig,physics
b,physics
x,physics
object,physics
speed,physics
mass,physics
f,physics
energy,physics
figure,physics
velocity,physics
acceleration,physics
two,physics
ms,physics
motion,physics
example,physics
time,physics
one,physics
car,physics
v,physics
point,physics
c,physics
earth,physics
ball,physics
ii,physics
water,physics
air,physics
forces,physics
shown,physics
direction,physics
wave,physics
friction,physics
constant,physics
distance,physics
kg,physics
work,physics
see,physics
pressure,physics
second,physics
waves,physics
gravity,physics
law,physics
eq,physics
rest,physics
problem,physics
use,physics
cm,physics
must,physics
angle,physics
axis,physics
energy,chemistry
g,chemistry
electron,chemistry
gas,chemistry
electrons,chemistry
pressure,chemistry
reaction,chemistry
heat,chemistry
volume,chemistry
number,chemistry
ah,chemistry
temperature,chemistry
b,chemistry
two,chemistry
bond,chemistry
atom,chemistry
x,chemistry
mass,chemistry
example,chemistry
atoms,chemistry
lewis,chemistry
c,chemistry
law,chemistry
chemical,chemistry
one,chemistry
water,chemistry
table,chemistry
light,chemistry
figure,chemistry
orbital,chemistry
charge,chemistry
elements,chemistry
n,chemistry
periodic,chemistry
equation,chemistry
orbitals,chemistry
mol,chemistry
hydrogen,chemistry
calculate,chemistry
use,chemistry
chapter,chemistry
solution,chemistry
find,chemistry
form,chemistry
h,chemistry
theory,chemistry
structure,chemistry
practice,chemistry
kj,chemistry
atm,chemistry
energy,physics
x,physics
b,physics
light,physics
c,physics
fig,physics
two,physics
mass,physics
electron,physics
electrons,physics
would,physics
one,physics
see,physics
e,physics
time,physics
n,physics
atoms,physics
particles,physics
particle,physics
number,physics
section,physics
pr,physics
v,physics
lens,physics
wavelength,physics
decay,physics
speed,physics
atom,physics
ii,physics
nucleus,physics
figure,physics
universe,physics
earth,physics
also,physics
chapter,physics
example,physics
theory,physics
force,physics
nuclear,physics
nm,physics
photon,physics
f,physics
eq,physics
kinetic,physics
ms,physics
state,physics
object,physics
distance,physics
called,physics
image,physics
b,physics
fig,physics
field,physics
electric,physics
current,physics
x,physics
charge,physics
energy,physics
c,physics
v,physics
two,physics
temperature,physics
heat,physics
point,physics
figure,physics
magnetic,physics
one,physics
water,physics
wire,physics
light,physics
voltage,physics
force,physics
q,physics
potential,physics
shown,physics
example,physics
r,physics
resistance,physics
e,physics
ii,physics
f,physics
would,physics
law,physics
object,physics
image,physics
air,physics
circuit,physics
see,physics
direction,physics
gas,physics
eq,physics
lens,physics
battery,physics
section,physics
surface,physics
capacitor,physics
power,physics
pressure,physics
coil,physics
change,physics
mass,chemistry
atoms,chemistry
g,chemistry
number,chemistry
chemical,chemistry
x,chemistry
mol,chemistry
compounds,chemistry
formula,chemistry
water,chemistry
compound,chemistry
example,chemistry
solution,chemistry
molecules,chemistry
aq,chemistry
b,chemistry
one,chemistry
carbon,chemistry
elements,chemistry
c,chemistry
molecular,chemistry
h,chemistry
oxygen,chemistry
problems,chemistry
element,chemistry
chapter,chemistry
university,chemistry
atomic,chemistry
reaction,chemistry
two,chemistry
atom,chemistry
hydrogen,chemistry
acid,chemistry
form,chemistry
volume,chemistry
find,chemistry
equation,chemistry
co,chemistry
gas,chemistry
moles,chemistry
practice,chemistry
ionic,chemistry
chemistry,chemistry
energy,chemistry
given,chemistry
figure,chemistry
conceptual,chemistry
units,chemistry
matter,chemistry
molar,chemistry
x,math
b,math
equation,math
example,math
product,math
number,math
graph,math
find,math
f,math
education,math
inc,math
addisonwesley,math
copyright,math
pearson,math
use,math
solve,math
two,math
equations,math
figure,math
try,math
solution,math
function,math
numbers,math
step,math
section,math
see,math
one,math
c,math
set,math
exercises,math
line,math
log,math
functions,math
using,math
exercise,math
linear,math
terms,math
p,math
value,math
real,math
form,math
write,math
system,math
first,math
r,math
quadratic,math
rational,math
objective,math
square,math
since,math
